subject_id,hr_gt,hr_pr,mae,me,n_segs,fold,lum_mean,lum_std,sharpness,temporal_var,spatial_var,bvp_snr,gt_hr_mean,gt_hr_std,participant,scenario
01-01,69.66059602649007,67.3789321192053,2.281663907284768,-2.281663907284768,151,cv_PURE_my_in_wl0.0_fold0,133.3194274432379,58.64579254209412,3868.5817896365998,3005.6981351707173,744.9308540967423,5.562632170995591,66.796875,0.0,01,01
01-02,73.50217301324503,74.10751241721854,1.9557119205298013,0.6053394039735099,151,cv_PURE_my_in_wl0.0_fold0,130.12399406821552,48.501723179930465,7309.464517986212,1579.1157372666144,1358.343947009392,5.019054382614304,73.828125,0.0,01,02
01-03,76.3930963010204,76.08816964285714,0.4125478316326531,-0.3049266581632653,196,cv_PURE_my_in_wl0.0_fold0,142.9473760580411,51.45991568176399,2915.2898184990936,2305.676819201993,533.268484643289,6.749334935563381,76.46484375,1.5223102800898336,01,03
01-04,73.81027918781726,73.4355171319797,0.5175285532994924,-0.37476205583756345,197,cv_PURE_my_in_wl0.0_fold0,110.72048154093098,62.86697802193784,2927.2384103481063,3481.326855852049,649.8308134831461,5.864044963363638,73.828125,0.0,01,04
01-05,69.68387831125828,69.56746688741723,0.16297599337748345,-0.1164114238410596,151,cv_PURE_my_in_wl0.0_fold0,133.1556697973307,51.955077255533794,5627.149757046168,2322.9924059181985,1047.1446430054375,5.784706736549036,70.3125,2.8704957923240366,01,05
01-06,73.388671875,70.05807976973684,3.330592105263158,-3.330592105263158,152,cv_PURE_my_in_wl0.0_fold0,145.08654581087703,59.96522392704998,3470.2855742872293,3438.538483364425,781.8820107790299,5.572521072874398,70.3125,0.0,01,06
02-01,69.873046875,69.96556332236842,0.37006578947368424,0.09251644736842106,152,cv_PURE_my_in_wl0.0_fold0,134.58063756743502,63.03978087926791,2733.589206928263,3857.2690056791057,510.3848207945071,9.10650090387528,69.140625,3.3145630368119416,02,01
02-02,79.74407327586206,68.46982758620689,12.147090517241379,-11.274245689655173,145,cv_PURE_my_in_wl0.0_fold0,135.91290060851927,48.23542165815302,8506.025342940724,1728.8705839563218,1429.9167821501012,9.024298794251125,80.859375,0.0,02,02
02-03,71.23877245508982,71.1124625748503,1.1788922155688624,-0.12630988023952097,167,cv_PURE_my_in_wl0.0_fold0,122.15007780320366,39.90258748620988,2373.905152304301,1460.4857395367833,435.3281054462243,7.879754523028703,73.828125,2.4859222776089562,02,03
02-04,71.11430921052632,70.92927631578948,0.26726973684210525,-0.18503289473684212,171,cv_PURE_my_in_wl0.0_fold0,167.82919064748202,46.25001629857367,2779.2100500669603,1705.2698853498139,643.9272158273382,7.412178820868281,72.0703125,1.7578125,02,04
02-05,73.45145089285714,73.15011160714286,0.3013392857142857,-0.3013392857142857,140,cv_PURE_my_in_wl0.0_fold0,145.69310416666667,54.64589877060751,5570.58649755165,2718.2075703450523,1326.2088183333333,9.177814344478533,73.828125,0.0,02,05
02-06,70.14040646853147,69.72246503496504,0.41794143356643354,-0.41794143356643354,143,cv_PURE_my_in_wl0.0_fold0,144.47975295934123,61.238590263479054,5366.7971899428085,3557.197633745483,1418.305910447761,8.060054768752389,69.140625,1.6572815184059708,02,06
03-01,99.83411815068493,75.12842465753425,26.054152397260275,-24.705693493150687,146,cv_PURE_my_in_wl0.0_fold1,100.9396757852077,61.72686304498322,602.933917215596,3789.3855237746216,116.79819574468084,8.707184468767467,89.0625,25.727927812617363,03,01
03-02,82.078125,70.8984375,27.1640625,-11.1796875,150,cv_PURE_my_in_wl0.0_fold1,150.67393759286776,54.11478155057578,9385.71304339964,2000.062766609729,1815.0730286280339,11.341297957322253,94.921875,27.382784638002942,03,02
03-03,81.84291294642857,61.900111607142854,19.984654017857142,-19.942801339285715,168,cv_PURE_my_in_wl0.0_fold1,122.15258181818182,42.77319031470357,4998.692733607933,1585.0310993884298,889.4686269090909,10.848348896276015,99.31640625,25.02954644396158,03,03
03-04,95.7347362716763,60.0298049132948,35.7049313583815,-35.7049313583815,173,cv_PURE_my_in_wl0.0_fold1,108.23714922048998,63.72324984601495,1693.0136881603567,3905.479116726604,304.50190538975505,10.322370480201641,83.49609375,27.27443082864182,03,04
03-05,76.74955985915493,60.38457306338028,16.364986795774648,-16.364986795774648,142,cv_PURE_my_in_wl0.0_fold1,134.9089819121447,50.05210891841173,6149.843684992221,2341.53532068185,1899.7895855297159,10.231083711062356,73.828125,24.85922277608956,03,05
03-06,70.14040646853147,61.11778846153846,11.67777534965035,-9.022618006993007,143,cv_PURE_my_in_wl0.0_fold1,128.4278564102564,53.094354670403156,5587.31126589307,2401.2168994714007,1780.2286851282051,9.42426746841438,58.59375,1.6572815184059708,03,06
04-01,77.0751953125,72.119140625,5.5908203125,-4.9560546875,144,cv_PURE_my_in_wl0.0_fold1,155.31740948495664,67.07519459193722,3865.6240518217437,4155.421362150929,779.9777762366141,7.955447263061944,78.515625,26.67142189861182,04,01
04-02,65.88886589403974,75.52773178807946,10.523592715231787,9.638865894039736,151,cv_PURE_my_in_wl0.0_fold1,146.7620533070089,64.17107907202924,2155.6133256662397,4038.5679795043507,420.22211253701875,8.237360081081713,65.625,1.6572815184059708,04,02
04-03,69.14732142857143,70.13169642857143,1.3861607142857142,0.984375,175,cv_PURE_my_in_wl0.0_fold1,130.7678801234024,47.00174779484862,3466.761228979553,1929.8353927550925,649.0348029969149,6.732938815616432,68.5546875,1.7578125,04,03
04-04,69.79314630681819,70.63210227272727,0.9987571022727273,0.8389559659090909,176,cv_PURE_my_in_wl0.0_fold1,136.852222709338,45.64098154626275,4257.23820576906,1545.4224341716188,1037.77408645331,4.816972299313894,68.5546875,3.044620560179667,04,04
04-05,65.73972902097903,65.86265297202797,0.2212631118881119,0.12292395104895106,143,cv_PURE_my_in_wl0.0_fold1,161.7989128205128,59.30091221547331,2785.7347675880605,3375.474455090072,946.0392943589743,8.769067788228638,64.453125,3.3145630368119416,04,05
04-06,74.755859375,65.72265625,10.44921875,-9.033203125,144,cv_PURE_my_in_wl0.0_fold1,139.7602650356779,66.74229501649152,1988.6895795074822,4394.216155299311,921.8069985728847,8.862446564940571,64.453125,3.3145630368119416,04,06
05-01,92.2672193877551,87.05357142857143,8.753188775510203,-5.213647959183674,147,cv_PURE_my_in_wl0.0_fold2,121.58735887096775,63.39885891698722,10752.39852477847,3601.4067736956135,2001.0152967741935,7.894195962521029,91.40625,2.8704957923240366,05,01
05-02,89.23552852348993,84.375,25.718330536912752,-4.860528523489933,149,cv_PURE_my_in_wl0.0_fold2,145.5800997008973,47.274540170635134,5971.78039589109,1809.7865313530992,1558.8445814556333,7.278172233764565,83.203125,19.53906093812469,05,02
05-03,94.10289417613636,74.64710582386364,25.368430397727273,-19.455788352272727,176,cv_PURE_my_in_wl0.0_fold2,135.18464238701185,54.06405729843102,4009.368685332031,2555.77779637074,1103.1669525230366,7.939635790616226,74.70703125,25.518570364965193,05,03
05-04,81.8021124301676,78.56145251396649,28.694570530726256,-3.240659916201117,179,cv_PURE_my_in_wl0.0_fold2,110.5007529208135,54.94995444970084,5077.651694591498,2181.5176675359003,1446.7955510168758,6.177080368091239,78.22265625,25.518570364965193,05,04
05-05,91.72144396551724,116.79148706896552,33.3135775862069,25.070043103448278,145,cv_PURE_my_in_wl0.0_fold2,146.40888436067243,58.87703364391284,2650.754637993299,3161.090106823405,967.2414157921548,8.04918843776313,98.4375,0.0,05,05
05-06,93.8720703125,97.3388671875,33.740234375,3.466796875,144,cv_PURE_my_in_wl0.0_fold2,152.65852116267212,62.72666464898657,3185.819099003126,3676.1902535027116,1303.3137933707292,7.118530300029516,84.375,22.419288831690224,05,06
06-01,63.984375,66.74838362068965,3.2004310344827585,2.7640086206896552,145,cv_PURE_my_in_wl0.0_fold2,114.3131202435312,55.510208927139736,11830.354827497344,1302.336677336344,2699.4844314561137,7.971505379657482,64.453125,1.6572815184059708,06,01
06-03,68.98660714285714,69.70982142857143,1.125,0.7232142857142857,175,cv_PURE_my_in_wl0.0_fold2,125.44137505509035,45.343668112123645,4926.170154720386,1715.214191421309,1011.7664592331423,7.38493476901675,68.5546875,1.7578125,06,03
06-04,73.06906960227273,78.8818359375,6.172318892045454,5.8127663352272725,176,cv_PURE_my_in_wl0.0_fold2,102.04739244951712,50.940189943672486,4603.306225255275,1984.4921502465463,935.4379968393325,6.73912033186243,72.94921875,1.5223102800898336,06,04
06-05,66.9677734375,69.82421875,2.9052734375,2.8564453125,144,cv_PURE_my_in_wl0.0_fold2,152.31750893312915,52.54790016608685,3442.4423784534465,2568.757067802144,1041.0240457376212,7.125390066173117,66.796875,2.8704957923240366,06,05
06-06,67.3302801724138,67.25754310344827,0.5576508620689655,-0.07273706896551724,145,cv_PURE_my_in_wl0.0_fold2,149.35041137633317,66.93540176338976,3037.489385636224,4192.200256520507,1520.610042864398,7.529420658469102,67.96875,1.6572815184059708,06,06
07-01,125.3662109375,73.9501953125,51.416015625,-51.416015625,144,cv_PURE_my_in_wl0.0_fold3,138.95694984646877,50.1375925591361,9064.965392810065,1415.543792729189,1761.560584646878,5.846957942315062,125.390625,1.6572815184059708,07,01
07-02,136.4902712264151,72.14770047169812,64.34257075471699,-64.34257075471699,159,cv_PURE_my_in_wl0.0_fold3,137.4890512333966,42.836466465520296,3480.7185838896917,1525.8981153300522,1027.4157464895636,0.7460287906855276,134.47265625,3.831063524596295,07,02
07-03,125.33001077586206,73.50484913793103,51.82516163793103,-51.82516163793103,174,cv_PURE_my_in_wl0.0_fold3,133.20825875055382,49.29700494477311,5000.398946694388,1574.629144399671,1321.476780859548,4.2938953541456115,127.44140625,3.831063524596295,07,03
07-04,125.51785714285714,74.79241071428571,50.72544642857143,-50.72544642857143,175,cv_PURE_my_in_wl0.0_fold3,106.8065550660793,47.52605487343622,4195.961206474024,1403.3969587921365,1135.9573385022027,3.8046377781721676,125.68359375,3.831063524596295,07,04
07-05,132.15779049295776,71.55039612676056,60.607394366197184,-60.607394366197184,142,cv_PURE_my_in_wl0.0_fold3,143.84712667353244,55.89891446159741,4338.448671843503,2695.831468211501,1231.1589338825954,2.157894840357752,132.421875,1.6572815184059708,07,05
07-06,131.4208984375,75.048828125,56.3720703125,-56.3720703125,144,cv_PURE_my_in_wl0.0_fold3,162.59908163265305,56.733363282645975,3595.626415553519,2747.1535277072053,1146.963123265306,3.189251520801444,132.421875,1.6572815184059708,07,06
08-01,92.66702586206897,92.83674568965517,0.3151939655172414,0.1697198275862069,145,cv_PURE_my_in_wl0.0_fold3,142.04994396332145,47.916131218191204,6342.180670620021,1824.50585994749,1995.5391445746309,8.398344619622726,93.75,1.6572815184059708,08,01
08-02,61.860552226027394,59.813784246575345,2.0467679794520546,-2.0467679794520546,146,cv_PURE_my_in_wl0.0_fold3,147.46926188068755,42.54793377967119,5453.884130165491,1480.3024401377743,1199.6881326592518,7.2585433696456265,59.765625,0.0,08,02
08-03,93.66918103448276,91.24461206896552,4.727909482758621,-2.4245689655172415,174,cv_PURE_my_in_wl0.0_fold3,127.3095174856131,50.928783376998155,3947.3127110321007,2073.0045932956973,831.400009207614,9.052270450124531,87.01171875,19.945556926014053,08,03
08-04,98.89176615168539,96.36367626404494,2.5280898876404496,-2.5280898876404496,178,cv_PURE_my_in_wl0.0_fold3,120.10490204614715,55.998503318216116,5184.9650310710595,2552.118968372936,977.2679481062254,7.354777828724614,100.1953125,1.7578125,08,04
08-05,79.13843968531468,83.6374562937063,6.564138986013986,4.499016608391608,143,cv_PURE_my_in_wl0.0_fold3,164.1993644284982,47.02762950717391,3045.972803906262,2013.0263110376443,734.1019013839057,10.70481617415097,67.96875,24.073404590829067,08,05
08-06,75.81627155172414,79.69558189655173,20.41487068965517,3.8793103448275863,145,cv_PURE_my_in_wl0.0_fold3,164.94733197556008,59.59789150723131,3731.797839834329,3235.895114235464,1208.3560765784114,9.73512720063117,89.0625,23.20194125768359,08,06
09-01,90.43642241379311,90.43642241379311,0.04849137931034483,0.0,145,cv_PURE_my_in_wl0.0_fold4,120.79102290076335,59.02312009003189,20958.919039486173,2424.083096530246,3282.6349255979644,9.760578903085397,90.234375,1.6572815184059708,09,01
09-02,86.53125,69.6796875,26.2265625,-16.8515625,150,cv_PURE_my_in_wl0.0_fold4,130.90480912245908,52.717757398641766,7663.86600975496,2312.411468644435,1343.30954090233,7.45046808484341,106.640625,3.3145630368119416,09,02
09-03,94.54449152542372,92.14115466101696,2.880031779661017,-2.40333686440678,177,cv_PURE_my_in_wl0.0_fold4,127.46312472647702,47.07139836391219,3628.259068418925,2065.384417227758,673.5585372428884,8.270080655094253,94.921875,0.0,09,03
09-04,93.59071601941747,93.48831917475728,0.7167779126213593,-0.10239684466019418,206,cv_PURE_my_in_wl0.0_fold4,137.30729740209384,42.10567228861991,4310.1951716657995,1207.830927226964,1089.6590604110118,8.249987771597066,94.21875,1.40625,09,04
09-05,94.921875,94.921875,0.0,0.0,144,cv_PURE_my_in_wl0.0_fold4,147.70440366972477,56.7257535352762,5198.604768864906,3023.0002614715263,1035.7720366972476,8.024780221583077,94.921875,0.0,09,05
09-06,97.1938775510204,95.90242346938776,1.291454081632653,-1.291454081632653,147,cv_PURE_my_in_wl0.0_fold4,144.2763691376702,60.775312234783264,4328.18857049581,3386.7633095532906,1156.6539473524963,8.449741144085563,96.09375,1.6572815184059708,09,06
10-01,82.1377840909091,81.20356206293707,0.9833916083916084,-0.934222027972028,143,cv_PURE_my_in_wl0.0_fold4,117.96405737704919,51.15270992545771,17359.33285380232,868.2926752511088,2214.1623229508195,8.290321504953257,80.859375,2.8704957923240366,10,01
10-02,98.41374577702703,79.76668074324324,22.92282516891892,-18.647065033783782,148,cv_PURE_my_in_wl0.0_fold4,135.2674962368289,58.092860730390555,9869.082018601886,2566.218906806034,1392.2344060210737,2.687703949588979,101.953125,0.0,10,02
10-03,72.12956460674157,71.79380266853933,0.3357619382022472,-0.3357619382022472,178,cv_PURE_my_in_wl0.0_fold4,135.19688695652175,57.135352954764194,6443.8762737031375,2517.4661927334596,1157.5459436521737,7.593704883176596,72.0703125,1.7578125,10,03
10-04,73.01682692307692,72.9975103021978,0.0965831043956044,-0.01931662087912088,182,cv_PURE_my_in_wl0.0_fold4,121.94664955070603,57.61252518971876,8160.963771287263,2419.9071580199757,1180.2732624732562,7.077721187339097,72.0703125,1.7578125,10,04
10-05,73.6328125,74.6337890625,1.7333984375,1.0009765625,144,cv_PURE_my_in_wl0.0_fold4,164.1415620214395,54.123626385705776,3900.040190502128,2638.0002736861143,842.3841878509443,6.411736832799999,73.828125,0.0,10,05
10-06,77.34375,77.34375,0.0,0.0,143,cv_PURE_my_in_wl0.0_fold4,154.0420512820513,62.84768821317901,3591.5079166758715,3684.3326716423408,1064.6626707692308,8.025658091800866,77.34375,0.0,10,06
